"Url","Status"
"https://lcdmh.com/_review/alpes-cols-mythiques.html","LOCAL_NON_LISTE"
"https://lcdmh.com/_review/articles/350-km-dans-le-froid-norvegien-le-vent-du-groenland-ma-brise.html","LOCAL_NON_LISTE"
"https://lcdmh.com/_review/articles/aferiy-nano-100-autonomie-electrique-en-road-trip.html","LOCAL_NON_LISTE"
"https://lcdmh.com/_review/articles/alpes-en-moto-barcelonnette-cuneo-benelli-trk-502-ep3.html","LOCAL_NON_LISTE"
"https://lcdmh.com/_review/articles/bivouac-moto-comment-bien-dormir-en-tente-test-nemo-sonic-0.html","LOCAL_NON_LISTE"
"https://lcdmh.com/_review/articles/blackview-xplore-x1-le-telephone-qui-ne-lache-jamais-en-road.html","LOCAL_NON_LISTE"
"https://lcdmh.com/_review/articles/budget-cap-nord-a-moto-seul-10-000-km-couts-et-conseils-prat.html","LOCAL_NON_LISTE"
"https://lcdmh.com/_review/articles/budget-road-trip-moto-norvege-ferries-couchage-conseils.html","LOCAL_NON_LISTE"
"https://lcdmh.com/_review/articles/cols-mythiques-des-alpes-a-moto-trk-502-ep-1.html","LOCAL_NON_LISTE"
"https://lcdmh.com/_review/articles/comparatif-carpuride-2026-w702-w702-pro-w702s-pro-et-702rs-pro.html","LOCAL_NON_LISTE"
"https://lcdmh.com/_review/articles/dunlop-mutant-vs-bridgestone-t33-le-combat-quel-pneu-choisir.html","LOCAL_NON_LISTE"
"https://lcdmh.com/_review/articles/filmer-son-road-trip-moto-setup-camera-dji-gopro.html","LOCAL_NON_LISTE"
"https://lcdmh.com/_review/articles/geirangerfjord-a-moto-le-plus-beau-fjord-de-norvege-road-tri.html","LOCAL_NON_LISTE"
"https://lcdmh.com/_review/articles/gps-moto-gps-offline-u6-va-t-il-sauver-mes-balades-moto-peti.html","LOCAL_NON_LISTE"
"https://lcdmh.com/_review/articles/guide-nettoyage-bulle-moto.html","LOCAL_NON_LISTE"
"https://lcdmh.com/_review/articles/lampe-olight-perun-3-lampe-frontale-parfaite-en-bivouac-test.html","LOCAL_NON_LISTE"
"https://lcdmh.com/_review/articles/le-cap-nord-ca-va-mal-finir-cercle-arctique-polaire-road-tri.html","LOCAL_NON_LISTE"
"https://lcdmh.com/_review/articles/preparation-pour-le-voyage-road-trip-en-trk-702.html","LOCAL_NON_LISTE"
"https://lcdmh.com/_review/articles/quel-carpuride-moto-choisir.html","LOCAL_NON_LISTE"
"https://lcdmh.com/_review/articles/quel-komobi-pro-city-tracker-gps-detecteur-de-chute-antivol.html","LOCAL_NON_LISTE"
"https://lcdmh.com/_review/articles/quel-telephone-pour-road-trip-blackview-x1-renforce-pluie-ch.html","LOCAL_NON_LISTE"
"https://lcdmh.com/_review/articles/radar-moto-comment-ca-marche.html","LOCAL_NON_LISTE"
"https://lcdmh.com/_review/articles/retour-honda-nt-1100-a-26000-kms.html","LOCAL_NON_LISTE"
"https://lcdmh.com/_review/articles/t33-vs-road-6.html","LOCAL_NON_LISTE"
"https://lcdmh.com/_review/articles/test-benelli-trk-702-avis-15000-km-road-trip.html","LOCAL_NON_LISTE"
"https://lcdmh.com/_review/articles/test-honda-nt1100-avis-25000-km-road-trip.html","LOCAL_NON_LISTE"
"https://lcdmh.com/_review/articles/voyager-en-norvege-ferries-budget-conseils-guide-de-voyage-n.html","LOCAL_NON_LISTE"
"https://lcdmh.com/_review/gps.html","LOCAL_NON_LISTE"
"https://lcdmh.com/_review/intercoms.html","LOCAL_NON_LISTE"
"https://lcdmh.com/_review/materiel/comparatif-gps-moto.html","LOCAL_NON_LISTE"
"https://lcdmh.com/_review/materiel/test-materiel-conditions-reelles.html","LOCAL_NON_LISTE"
"https://lcdmh.com/_review/materiel/tests-gps-moto-2026.html","LOCAL_NON_LISTE"
"https://lcdmh.com/_review/materiel/tests-moto-essais-terrain.html","LOCAL_NON_LISTE"
"https://lcdmh.com/_review/materiel/tests-pneus-moto.html","LOCAL_NON_LISTE"
"https://lcdmh.com/_review/photo-video.html","LOCAL_NON_LISTE"
"https://lcdmh.com/_review/pneus.html","LOCAL_NON_LISTE"
"https://lcdmh.com/_review/pratique/entretien-equipements-moto.html","LOCAL_NON_LISTE"
"https://lcdmh.com/_review/pratique/filmer-en-moto-setup.html","LOCAL_NON_LISTE"
"https://lcdmh.com/_review/pratique/securite-routiere.html","LOCAL_NON_LISTE"
"https://lcdmh.com/_review/REPORT.html","LOCAL_NON_LISTE"
"https://lcdmh.com/_review/roadtrips/road-trip-espagne-solo.html","LOCAL_NON_LISTE"
"https://lcdmh.com/_review/roadtrips/road-trip-moto-france.html","LOCAL_NON_LISTE"
"https://lcdmh.com/_review/roadtrips/road-trip-norvege-cap-nord.html","LOCAL_NON_LISTE"
"https://lcdmh.com/_review/roadtrips/road-trip-turquie-cappadoce.html","LOCAL_NON_LISTE"
"https://lcdmh.com/_review/tests-motos.html","LOCAL_NON_LISTE"
"https://lcdmh.com/a-propos.html","LOCAL_NON_LISTE"
"https://lcdmh.com/aferiy.html","LOCAL_NON_LISTE"
"https://lcdmh.com/alpes-aventure-festival-moto.html","LOCAL_NON_LISTE"
"https://lcdmh.com/alpes-cols-mythiques-episode-01.html","LOCAL_NON_LISTE"
"https://lcdmh.com/alpes-cols-mythiques.html","LOCAL_NON_LISTE"
"https://lcdmh.com/aoocci.html","LOCAL_NON_LISTE"
"https://lcdmh.com/articles.html","LOCAL_NON_LISTE"
"https://lcdmh.com/articles/350-km-dans-le-froid-norvegien-le-vent-du-groenland-ma-brise.html","LOCAL_NON_LISTE"
"https://lcdmh.com/articles/aferiy-nano-100-autonomie-electrique-en-road-trip.html","LOCAL_NON_LISTE"
"https://lcdmh.com/articles/alpes-en-moto-barcelonnette-cuneo-benelli-trk-502-ep3.html","LOCAL_NON_LISTE"
"https://lcdmh.com/articles/bivouac-moto-comment-bien-dormir-en-tente-test-nemo-sonic-0.html","LOCAL_NON_LISTE"
"https://lcdmh.com/articles/blackview-xplore-x1-le-telephone-qui-ne-lache-jamais-en-road.html","LOCAL_NON_LISTE"
"https://lcdmh.com/articles/budget-cap-nord-a-moto-seul-10-000-km-couts-et-conseils-prat.html","LOCAL_NON_LISTE"
"https://lcdmh.com/articles/budget-road-trip-moto-norvege-ferries-couchage-conseils.html","LOCAL_NON_LISTE"
"https://lcdmh.com/articles/cols-mythiques-des-alpes-a-moto-trk-502-ep-1.html","LOCAL_NON_LISTE"
"https://lcdmh.com/articles/comparatif-carpuride-2026-w702-w702-pro-w702s-pro-et-702rs-pro.html","LOCAL_NON_LISTE"
"https://lcdmh.com/articles/dunlop-mutant-vs-bridgestone-t33-le-combat-quel-pneu-choisir.html","LOCAL_NON_LISTE"
"https://lcdmh.com/articles/filmer-son-road-trip-moto-setup-camera-dji-gopro.html","LOCAL_NON_LISTE"
"https://lcdmh.com/articles/geirangerfjord-a-moto-le-plus-beau-fjord-de-norvege-road-tri.html","LOCAL_NON_LISTE"
"https://lcdmh.com/articles/gps-moto-gps-offline-u6-va-t-il-sauver-mes-balades-moto-peti.html","LOCAL_NON_LISTE"
"https://lcdmh.com/articles/guide-nettoyage-bulle-moto.html","LOCAL_NON_LISTE"
"https://lcdmh.com/articles/lampe-olight-perun-3-lampe-frontale-parfaite-en-bivouac-test.html","LOCAL_NON_LISTE"
"https://lcdmh.com/articles/le-cap-nord-ca-va-mal-finir-cercle-arctique-polaire-road-tri.html","LOCAL_NON_LISTE"
"https://lcdmh.com/articles/preparation-pour-le-voyage-road-trip-en-trk-702.html","LOCAL_NON_LISTE"
"https://lcdmh.com/articles/quel-carpuride-moto-choisir.html","LOCAL_NON_LISTE"
"https://lcdmh.com/articles/quel-komobi-pro-city-tracker-gps-detecteur-de-chute-antivol.html","LOCAL_NON_LISTE"
"https://lcdmh.com/articles/quel-telephone-pour-road-trip-blackview-x1-renforce-pluie-ch.html","LOCAL_NON_LISTE"
"https://lcdmh.com/articles/radar-moto-comment-ca-marche.html","LOCAL_NON_LISTE"
"https://lcdmh.com/articles/retour-honda-nt-1100-a-26000-kms.html","LOCAL_NON_LISTE"
"https://lcdmh.com/articles/t33-vs-road-6.html","LOCAL_NON_LISTE"
"https://lcdmh.com/articles/test-benelli-trk-702-avis-15000-km-road-trip.html","LOCAL_NON_LISTE"
"https://lcdmh.com/articles/test-honda-nt1100-avis-25000-km-road-trip.html","LOCAL_NON_LISTE"
"https://lcdmh.com/articles/voyager-en-norvege-ferries-budget-conseils-guide-de-voyage-n.html","LOCAL_NON_LISTE"
"https://lcdmh.com/blackview.html","LOCAL_NON_LISTE"
"https://lcdmh.com/cap-nord-moto.html","LOCAL_NON_LISTE"
"https://lcdmh.com/carpuride.html","LOCAL_NON_LISTE"
"https://lcdmh.com/codes-promo.html","LOCAL_NON_LISTE"
"https://lcdmh.com/contact.html","LOCAL_NON_LISTE"
"https://lcdmh.com/data/articles/350-km-dans-le-froid-norvegien-le-vent-du-groenland-ma-brise.html","LOCAL_NON_LISTE"
"https://lcdmh.com/data/articles/700-km-a-moto-en-une-journee-des-meteores-a-istanbul-en-bene.html","LOCAL_NON_LISTE"
"https://lcdmh.com/data/articles/aferiy-nano-100-autonomie-electrique-en-road-trip.html","LOCAL_NON_LISTE"
"https://lcdmh.com/data/articles/alpes-en-moto-barcelonnette-cuneo-benelli-trk-502-ep3.html","LOCAL_NON_LISTE"
"https://lcdmh.com/data/articles/bivouac-moto-comment-bien-dormir-en-tente-test-nemo-sonic-0.html","LOCAL_NON_LISTE"
"https://lcdmh.com/data/articles/black-friday-gps-moto-parfait-pour-2025-carplay-promo-28.html","LOCAL_NON_LISTE"
"https://lcdmh.com/data/articles/blackview-xplore-x1-le-telephone-qui-ne-lache-jamais-en-road.html","LOCAL_NON_LISTE"
"https://lcdmh.com/data/articles/cols-mythiques-des-alpes-a-moto-trk-502-ep-1.html","LOCAL_NON_LISTE"
"https://lcdmh.com/data/articles/dunlop-mutant-vs-bridgestone-t33-le-combat-quel-pneu-choisir_facebook_1080x1920.html","LOCAL_NON_LISTE"
"https://lcdmh.com/data/articles/dunlop-mutant-vs-bridgestone-t33-le-combat-quel-pneu-choisir.html","LOCAL_NON_LISTE"
"https://lcdmh.com/data/articles/fjords-de-norvege-a-moto-bergen-gaularfjellet-bivouac-sauvag.html","LOCAL_NON_LISTE"
"https://lcdmh.com/data/articles/geirangerfjord-a-moto-le-plus-beau-fjord-de-norvege-road-tri.html","LOCAL_NON_LISTE"
"https://lcdmh.com/data/articles/gps-moto-gps-offline-u6-va-t-il-sauver-mes-balades-moto-peti.html","LOCAL_NON_LISTE"
"https://lcdmh.com/data/articles/guide-nettoyage-bulle-moto.html","LOCAL_NON_LISTE"
"https://lcdmh.com/data/articles/la-lampe-frontale-parfaite-pour-moto-bivouac-et-mecanique-ol.html","LOCAL_NON_LISTE"
"https://lcdmh.com/data/articles/lampe-olight-perun-3-lampe-frontale-parfaite-en-bivouac-test.html","LOCAL_NON_LISTE"
"https://lcdmh.com/data/articles/le-cap-nord-ca-va-mal-finir-cercle-arctique-polaire-road-tri.html","LOCAL_NON_LISTE"
"https://lcdmh.com/data/articles/lofoten-ce-jour-la-quelque-chose-na-pas-fonctionne-ep12.html","LOCAL_NON_LISTE"
"https://lcdmh.com/data/articles/nettoyage-bulle-de-moto-ma-methode-sans-rayures-tuto-lcdmh.html","LOCAL_NON_LISTE"
"https://lcdmh.com/data/articles/preparation-pour-le-voyage-road-trip-en-trk-702.html","LOCAL_NON_LISTE"
"https://lcdmh.com/data/articles/preparation-road-trip-moto-setup-complet-trk-702-pour-le-voy.html","LOCAL_NON_LISTE"
"https://lcdmh.com/data/articles/quel-telephone-pour-road-trip-blackview-x1-renforce-pluie-ch.html","LOCAL_NON_LISTE"
"https://lcdmh.com/data/articles/radar-moto-comment-ca-marche.html","LOCAL_NON_LISTE"
"https://lcdmh.com/data/articles/retour-honda-nt-1100-a-26000-kms.html","LOCAL_NON_LISTE"
"https://lcdmh.com/data/articles/voyager-en-norvege-ferries-budget-conseils-guide-de-voyage-n.html","LOCAL_NON_LISTE"
"https://lcdmh.com/data/enriched_pages/nettoyage-bulle-moto-guide.html","LOCAL_NON_LISTE"
"https://lcdmh.com/dunlop-mutant.html","LOCAL_NON_LISTE"
"https://lcdmh.com/equipement.html","LOCAL_NON_LISTE"
"https://lcdmh.com/espagne-2023.html","LOCAL_NON_LISTE"
"https://lcdmh.com/europe-asie-moto.html","LOCAL_NON_LISTE"
"https://lcdmh.com/gps.html","LOCAL_NON_LISTE"
"https://lcdmh.com/index.html","LOCAL_NON_LISTE"
"https://lcdmh.com/intercoms.html","LOCAL_NON_LISTE"
"https://lcdmh.com/komobi.html","LOCAL_NON_LISTE"
"https://lcdmh.com/LCDMH_Cadrage_Projet.html","LOCAL_NON_LISTE"
"https://lcdmh.com/les-alpes-dans-tous-les-sens.html","LOCAL_NON_LISTE"
"https://lcdmh.com/mentions-legales.html","LOCAL_NON_LISTE"
"https://lcdmh.com/nav.html","LOCAL_NON_LISTE"
"https://lcdmh.com/olight.html","LOCAL_NON_LISTE"
"https://lcdmh.com/photo-video.html","LOCAL_NON_LISTE"
"https://lcdmh.com/pneus.html","LOCAL_NON_LISTE"
"https://lcdmh.com/roadbooks-html/road-trip-cap-nord-2025/","LOCAL_NON_LISTE"
"https://lcdmh.com/roadbooks-html/road-trip-cap-nord-2025/jours/jour-01.html","LOCAL_NON_LISTE"
"https://lcdmh.com/roadbooks-html/road-trip-cap-nord-2025/jours/jour-02.html","LOCAL_NON_LISTE"
"https://lcdmh.com/roadbooks-html/road-trip-cap-nord-2025/jours/jour-03.html","LOCAL_NON_LISTE"
"https://lcdmh.com/roadbooks-html/road-trip-cap-nord-2025/jours/jour-04.html","LOCAL_NON_LISTE"
"https://lcdmh.com/roadbooks-html/road-trip-cap-nord-2025/jours/jour-05.html","LOCAL_NON_LISTE"
"https://lcdmh.com/roadbooks-html/road-trip-cap-nord-2025/jours/jour-06.html","LOCAL_NON_LISTE"
"https://lcdmh.com/roadbooks-html/road-trip-cap-nord-2025/jours/jour-07.html","LOCAL_NON_LISTE"
"https://lcdmh.com/roadbooks-html/road-trip-cap-nord-2025/jours/jour-08.html","LOCAL_NON_LISTE"
"https://lcdmh.com/roadbooks-html/road-trip-cap-nord-2025/roadbook_previsionnel.html","LOCAL_NON_LISTE"
"https://lcdmh.com/roadbooks-html/road-trip-moto-test-2026-3/","LOCAL_NON_LISTE"
"https://lcdmh.com/roadbooks-html/road-trip-moto-test-2026-3/jours/jour-01.html","LOCAL_NON_LISTE"
"https://lcdmh.com/roadbooks-html/road-trip-moto-test-2026-3/jours/jour-02.html","LOCAL_NON_LISTE"
"https://lcdmh.com/roadbooks-html/road-trip-moto-test-2026-3/jours/jour-03.html","LOCAL_NON_LISTE"
"https://lcdmh.com/roadbooks-html/road-trip-moto-test-2026-3/jours/jour-04.html","LOCAL_NON_LISTE"
"https://lcdmh.com/roadbooks-html/road-trip-moto-test-2026-3/jours/jour-05.html","LOCAL_NON_LISTE"
"https://lcdmh.com/roadbooks-html/road-trip-moto-test-2026-3/jours/jour-06.html","LOCAL_NON_LISTE"
"https://lcdmh.com/roadbooks-html/road-trip-moto-test-2026-3/jours/jour-07.html","LOCAL_NON_LISTE"
"https://lcdmh.com/roadbooks-html/road-trip-moto-test-2026-3/jours/jour-08.html","LOCAL_NON_LISTE"
"https://lcdmh.com/roadbooks-html/road-trip-moto-test-2026-3/jours/jour-09.html","LOCAL_NON_LISTE"
"https://lcdmh.com/roadbooks-html/road-trip-moto-test-2026-3/jours/jour-10.html","LOCAL_NON_LISTE"
"https://lcdmh.com/roadbooks-html/road-trip-moto-test-2026-3/jours/jour-11.html","LOCAL_NON_LISTE"
"https://lcdmh.com/roadbooks-html/road-trip-moto-test-2026-3/jours/jour-12.html","LOCAL_NON_LISTE"
"https://lcdmh.com/roadbooks-html/road-trip-moto-test-2026-3/jours/jour-13.html","LOCAL_NON_LISTE"
"https://lcdmh.com/roadbooks-html/road-trip-moto-test-2026-3/jours/jour-14.html","LOCAL_NON_LISTE"
"https://lcdmh.com/roadbooks-html/road-trip-moto-test-2026-3/jours/jour-15.html","LOCAL_NON_LISTE"
"https://lcdmh.com/roadbooks-html/road-trip-moto-test-2026-3/jours/jour-16.html","LOCAL_NON_LISTE"
"https://lcdmh.com/roadbooks-html/road-trip-moto-test-2026-3/jours/jour-17.html","LOCAL_NON_LISTE"
"https://lcdmh.com/roadbooks-html/road-trip-moto-test-2026-3/questions.html","LOCAL_NON_LISTE"
"https://lcdmh.com/roadbooks-html/road-trip-moto-test-2026-3/roadbook_previsionnel.html","LOCAL_NON_LISTE"
"https://lcdmh.com/roadtrips.html","LOCAL_NON_LISTE"
"https://lcdmh.com/roadtrips/maquette_capnord_complete_v2.html","LOCAL_NON_LISTE"
"https://lcdmh.com/roadtrips/road-trip-espagne-solo.html","LOCAL_NON_LISTE"
"https://lcdmh.com/roadtrips/road-trip-moto-france.html","LOCAL_NON_LISTE"
"https://lcdmh.com/roadtrips/road-trip-moto-test-2026-3-journal.html","LOCAL_NON_LISTE"
"https://lcdmh.com/roadtrips/road-trip-moto-test-2026-3.html","LOCAL_NON_LISTE"
"https://lcdmh.com/roadtrips/securite-routiere-moto.html","LOCAL_NON_LISTE"
"https://lcdmh.com/securite.html","LOCAL_NON_LISTE"
"https://lcdmh.com/seo/rapport-seo-20260407-1327.html","LOCAL_NON_LISTE"
"https://lcdmh.com/sitemap.html","LOCAL_NON_LISTE"
"https://lcdmh.com/widget-roadtrip-snippet.html","LOCAL_NON_LISTE"
